{"stats":{"minecraft:mined":{"minecraft:large_fern":12,"minecraft:spruce_leaves":3,"minecraft:spruce_log":2},"minecraft:custom":{"minecraft:jump":22,"minecraft:time_since_rest":4496,"minecraft:leave_game":1,"minecraft:damage_taken":30,"minecraft:crouch_one_cm":65,"minecraft:sprint_one_cm":2982,"minecraft:play_time":4496,"minecraft:time_since_death":4496,"minecraft:walk_one_cm":1533,"minecraft:sneak_time":36,"minecraft:total_world_time":4496,"minecraft:fall_one_cm":1302,"minecraft:fly_one_cm":2897},"minecraft:picked_up":{"minecraft:spruce_log":2,"minecraft:wheat_seeds":1}},"DataVersion":3953}