{"stats":{"minecraft:used":{"minecraft:dirt":1},"minecraft:mined":{"minecraft:grass_block":2,"minecraft:dirt":1},"minecraft:killed":{"minecraft:skeleton":1},"minecraft:custom":{"minecraft:jump":53,"minecraft:time_since_rest":1950,"minecraft:damage_dealt":92,"minecraft:sprint_one_cm":8051,"minecraft:play_time":1950,"minecraft:damage_taken":135,"minecraft:time_since_death":1950,"minecraft:walk_one_cm":2158,"minecraft:sneak_time":18,"minecraft:total_world_time":1950,"minecraft:mob_kills":1,"minecraft:fall_one_cm":1792,"minecraft:fly_one_cm":7613},"minecraft:picked_up":{"minecraft:bone":1,"minecraft:arrow":1,"minecraft:dirt":21}},"DataVersion":3953}